INSERT INTO FUNCIONARIO (ID, NOME, CPF, DATA_NASCIMENTO, LOGIN, SENHA) VALUES (1000, 'JOÃO SILVA', '123.456.789-00', '1980-05-15', 'JOAO.SILVA', 'SENHA123');
INSERT INTO FUNCIONARIO (ID, NOME, CPF, DATA_NASCIMENTO, LOGIN, SENHA) VALUES (1001, 'MARIA SANTOS', '987.654.321-00', '1985-09-25', 'MARIA.SANTOS', 'SENHA456');
INSERT INTO FUNCIONARIO (ID, NOME, CPF, DATA_NASCIMENTO, LOGIN, SENHA) VALUES (1002, 'PEDRO OLIVEIRA', '222.333.444-00', '1978-03-10', 'PEDRO.OLIVEIRA', 'SENHA789');
INSERT INTO FUNCIONARIO (ID, NOME, CPF, DATA_NASCIMENTO, LOGIN, SENHA) VALUES (1003, 'ANA SOUZA', '555.666.777-00', '1990-12-05', 'ANA.SOUZA', 'SENHA012');
INSERT INTO FUNCIONARIO (ID, NOME, CPF, DATA_NASCIMENTO, LOGIN, SENHA) VALUES (1004, 'CARLOS COSTA', '888.999.000-00', '1982-07-20', 'CARLOS.COSTA', 'SENHA345');
INSERT INTO FUNCIONARIO (ID, NOME, CPF, DATA_NASCIMENTO, LOGIN, SENHA) VALUES (1005, 'FERNANDA LIMA', '111.222.333-00', '1987-04-30', 'FERNANDA.LIMA', 'SENHA678');
INSERT INTO FUNCIONARIO (ID, NOME, CPF, DATA_NASCIMENTO, LOGIN, SENHA) VALUES (1006, 'RAFAEL PEREIRA', '444.555.666-00', '1983-11-12', 'RAFAEL.PEREIRA', 'SENHA901');
INSERT INTO FUNCIONARIO (ID, NOME, CPF, DATA_NASCIMENTO, LOGIN, SENHA) VALUES (1007, 'AMANDA OLIVEIRA', '777.888.999-00', '1989-06-18', 'AMANDA.OLIVEIRA', 'SENHA234');
INSERT INTO FUNCIONARIO (ID, NOME, CPF, DATA_NASCIMENTO, LOGIN, SENHA) VALUES (1008, 'LUCAS MARTINS', '666.777.888-00', '1975-08-22', 'LUCAS.MARTINS', 'SENHA567');
INSERT INTO FUNCIONARIO (ID, NOME, CPF, DATA_NASCIMENTO, LOGIN, SENHA) VALUES (1009, 'ISABELA CASTRO', '999.000.111-00', '1986-02-08', 'ISABELA.CASTRO', 'SENHA890');

INSERT INTO CLIENTE (ID, nome, cpf, data_nascimento, debito, telefone) VALUES (1000, 'Maria Oliveira', '501.345.987-09', '1988-03-25', 0.00, '(11) 98765-4321');
INSERT INTO CLIENTE (ID, nome, cpf, data_nascimento, debito, telefone) VALUES (1001, 'José Santos', '782.450.321-03', '1995-07-12', 50.00, '(22) 12345-6789');
INSERT INTO CLIENTE (ID, nome, cpf, data_nascimento, debito, telefone) VALUES (1002, 'Ana Pereira', '203.987.450-95', '1983-11-30', 100.00, '(33) 55555-1234');
INSERT INTO CLIENTE (ID, nome, cpf, data_nascimento, debito, telefone) VALUES (1003, 'Luiz Silva', '934.678.902-10', '1990-05-18', 0.00, '(44) 87654-3210');
INSERT INTO CLIENTE (ID, nome, cpf, data_nascimento, debito, telefone) VALUES (1004, 'Fernanda Souza', '657.320.145-77', '1976-09-08', 200.00, '(55) 98765-4321');
INSERT INTO CLIENTE (ID, nome, cpf, data_nascimento, debito, telefone) VALUES (1005, 'Rafaela Martins', '112.456.789-02', '1982-12-15', 300.00, '(66) 12345-6789');
INSERT INTO CLIENTE (ID, nome, cpf, data_nascimento, debito, telefone) VALUES (1006, 'Carlos Ferreira', '502.789.456-09', '1998-02-28', 0.00, '(77) 55555-1234');
INSERT INTO CLIENTE (ID, nome, cpf, data_nascimento, debito, telefone) VALUES (1007, 'Juliana Rodrigues', '789.987.654-02', '1974-06-10', 150.00, '(88) 87654-3210');
INSERT INTO CLIENTE (ID, nome, cpf, data_nascimento, debito, telefone) VALUES (1008, 'Paulo Almeida', '321.456.789-99', '1987-08-23', 400.00, '(99) 98765-4321');
INSERT INTO CLIENTE (ID, nome, cpf, data_nascimento, debito, telefone) VALUES (1009, 'Aline Lima', '654.987.320-01', '1993-04-05', 0.00, '(00) 12345-6789');
INSERT INTO CLIENTE (ID, nome, cpf, data_nascimento, debito, telefone) VALUES (1010, 'Roberto Costa', '458.123.789-03', '1985-11-20', 250.00, '(11) 55555-1234');
INSERT INTO CLIENTE (ID, nome, cpf, data_nascimento, debito, telefone) VALUES (1011, 'Mariana Oliveira', '987.654.321-99', '1979-07-14', 150.00, '(22) 87654-3210');
INSERT INTO CLIENTE (ID, nome, cpf, data_nascimento, debito, telefone) VALUES (1012, 'Pedro Sousa', '654.321.987-01', '1990-01-30', 0.00, '(33) 98765-4321');
INSERT INTO CLIENTE (ID, nome, cpf, data_nascimento, debito, telefone) VALUES (1013, 'Camila Santos', '789.456.123-01', '1982-05-28', 500.00, '(44) 12345-6789');
INSERT INTO CLIENTE (ID, nome, cpf, data_nascimento, debito, telefone) VALUES (1014, 'Gustavo Pereira', '321.987.654-03', '1996-03-08', 0.00, '(55) 55555-1234');

INSERT INTO TIPO_DE_LIVRO (ID, NOME, PRAZO, PRECO) VALUES (1000, 'Romance', 30, 39.90);
INSERT INTO TIPO_DE_LIVRO (ID, NOME, PRAZO, PRECO) VALUES (1001, 'Ficção Científica', 20, 49.99);
INSERT INTO TIPO_DE_LIVRO (ID, NOME, PRAZO, PRECO) VALUES (1002, 'Mistério', 25, 34.99);
INSERT INTO TIPO_DE_LIVRO (ID, NOME, PRAZO, PRECO) VALUES (1003, 'História', 40, 29.99);
INSERT INTO TIPO_DE_LIVRO (ID, NOME, PRAZO, PRECO) VALUES (1004, 'Autoajuda', 15, 24.99);

INSERT INTO LIVRO (ID, TITULO, GENERO, FK_TIPO_DE_LIVRO) VALUES (1001, 'Orgulho e Preconceito', 'Romance', 1000);
INSERT INTO LIVRO (ID, TITULO, GENERO, FK_TIPO_DE_LIVRO) VALUES (1002, 'Fundação', 'Ficção Científica', 1001);
INSERT INTO LIVRO (ID, TITULO, GENERO, FK_TIPO_DE_LIVRO) VALUES (1003, 'O Código Da Vinci', 'Mistério', 1002);
INSERT INTO LIVRO (ID, TITULO, GENERO, FK_TIPO_DE_LIVRO) VALUES (1004, 'A Guerra dos Tronos', 'Fantasia', 1003);
INSERT INTO LIVRO (ID, TITULO, GENERO, FK_TIPO_DE_LIVRO) VALUES (1005, 'Pai Rico, Pai Pobre', 'Negócios', 1004);
INSERT INTO LIVRO (ID, TITULO, GENERO, FK_TIPO_DE_LIVRO) VALUES (1006, 'Crime e Castigo', 'Clássico', 1000);
INSERT INTO LIVRO (ID, TITULO, GENERO, FK_TIPO_DE_LIVRO) VALUES (1007, '1984', 'Distopia', 1001);
INSERT INTO LIVRO (ID, TITULO, GENERO, FK_TIPO_DE_LIVRO) VALUES (1008, 'Sherlock Holmes: As Aventuras', 'Mistério', 1002);
INSERT INTO LIVRO (ID, TITULO, GENERO, FK_TIPO_DE_LIVRO) VALUES (1009, 'O Hobbit', 'Fantasia', 1003);
INSERT INTO LIVRO (ID, TITULO, GENERO, FK_TIPO_DE_LIVRO) VALUES (1010, 'O Homem Mais Rico da Babilônia', 'Negócios', 1004);
INSERT INTO LIVRO (ID, TITULO, GENERO, FK_TIPO_DE_LIVRO) VALUES (1011, 'Cem Anos de Solidão', 'Clássico', 1000);
INSERT INTO LIVRO (ID, TITULO, GENERO, FK_TIPO_DE_LIVRO) VALUES (1012, 'Admirável Mundo Novo', 'Distopia', 1001);
INSERT INTO LIVRO (ID, TITULO, GENERO, FK_TIPO_DE_LIVRO) VALUES (1013, 'O Silmarillion', 'Fantasia', 1002);
INSERT INTO LIVRO (ID, TITULO, GENERO, FK_TIPO_DE_LIVRO) VALUES (1014, 'O Investidor Inteligente', 'Negócios', 1003);
INSERT INTO LIVRO (ID, TITULO, GENERO, FK_TIPO_DE_LIVRO) VALUES (1015, 'Anna Kariênina', 'Clássico', 1004);
INSERT INTO LIVRO (ID, TITULO, GENERO, FK_TIPO_DE_LIVRO) VALUES (1016, 'Neuromancer', 'Ficção Científica', 1000);
INSERT INTO LIVRO (ID, TITULO, GENERO, FK_TIPO_DE_LIVRO) VALUES (1017, 'O Mistério do Trem Azul', 'Mistério', 1001);
INSERT INTO LIVRO (ID, TITULO, GENERO, FK_TIPO_DE_LIVRO) VALUES (1018, 'O Senhor dos Anéis: A Sociedade do Anel', 'Fantasia', 1002);
INSERT INTO LIVRO (ID, TITULO, GENERO, FK_TIPO_DE_LIVRO) VALUES (1019, 'Pense e Enriqueça', 'Negócios', 1003);
INSERT INTO LIVRO (ID, TITULO, GENERO, FK_TIPO_DE_LIVRO) VALUES (1020, 'Dom Quixote', 'Clássico', 1004);

-- Livro: Orgulho e Preconceito
INSERT INTO LIVRO_FISICO (ID, DANIFICADA, DISPONIVEL, FK_LIVRO) VALUES (1001, false, true, 1001);
INSERT INTO LIVRO_FISICO (ID, DANIFICADA, DISPONIVEL, FK_LIVRO) VALUES (1002, false, false, 1001);
INSERT INTO LIVRO_FISICO (ID, DANIFICADA, DISPONIVEL, FK_LIVRO) VALUES (1003, true, true, 1001);

-- Livro: Fundação
INSERT INTO LIVRO_FISICO (ID, DANIFICADA, DISPONIVEL, FK_LIVRO) VALUES (1004, false, true, 1002);
INSERT INTO LIVRO_FISICO (ID, DANIFICADA, DISPONIVEL, FK_LIVRO) VALUES (1005, true, false, 1002);
INSERT INTO LIVRO_FISICO (ID, DANIFICADA, DISPONIVEL, FK_LIVRO) VALUES (1006, false, true, 1002);

-- Livro: O Código Da Vinci
INSERT INTO LIVRO_FISICO (ID, DANIFICADA, DISPONIVEL, FK_LIVRO) VALUES (1007, true, false, 1003);
INSERT INTO LIVRO_FISICO (ID, DANIFICADA, DISPONIVEL, FK_LIVRO) VALUES (1008, false, true, 1003);
INSERT INTO LIVRO_FISICO (ID, DANIFICADA, DISPONIVEL, FK_LIVRO) VALUES (1009, true, false, 1003);

-- Livro: A Guerra dos Tronos
INSERT INTO LIVRO_FISICO (ID, DANIFICADA, DISPONIVEL, FK_LIVRO) VALUES (1010, true, false, 1004);
INSERT INTO LIVRO_FISICO (ID, DANIFICADA, DISPONIVEL, FK_LIVRO) VALUES (1011, false, true, 1004);
INSERT INTO LIVRO_FISICO (ID, DANIFICADA, DISPONIVEL, FK_LIVRO) VALUES (1012, false, true, 1004);

-- Livro: Pai Rico, Pai Pobre
INSERT INTO LIVRO_FISICO (ID, DANIFICADA, DISPONIVEL, FK_LIVRO) VALUES (1013, false, true, 1005);
INSERT INTO LIVRO_FISICO (ID, DANIFICADA, DISPONIVEL, FK_LIVRO) VALUES (1014, true, false, 1005);
INSERT INTO LIVRO_FISICO (ID, DANIFICADA, DISPONIVEL, FK_LIVRO) VALUES (1015, false, true, 1005);